name,url,industry,contact_form_url,notes,score,findings
tourist-repeat,https://tourist.repeat-ed.jp/,,,,50,スマホ対応(viewportタグ)なし; meta descriptionが未設定(SEO弱い); コピーライト表記が2013年で止まっている
kensou8668,https://www.kensou8668.com/pc/index.html,,,,25,"スマホ対応(viewportタグ)なし; 最終更新(サーバー応答): Wed, 02 Dec 2020 06:01:00 GMT"
yoshimori-photo,https://yoshimori-photo.com/studio/,,,,15,コピーライト表記が2016年で止まっている
uphoken,https://uphoken.co.jp/toi.html,,,,15,コピーライト表記が2010年で止まっている
kurashikikanko,https://kurashikikanko.com/,,,,10,meta descriptionが未設定(SEO弱い)
k-photo,https://k-photo.co.jp/about.html,,,,0,"最終更新(サーバー応答): Wed, 23 Jun 2021 05:23:14 GMT"
syarumu-photo,https://www.syarumu-photo.com/,,,,0,目立った技術的な古さは検出されず(デザイン面は目視確認推奨)
sri-riseya,https://www.sri-riseya.com/%e4%bc%9a%e7%a4%be%e6%a6%82%e8%a6%81/,,,,0,目立った技術的な古さは検出されず(デザイン面は目視確認推奨)
nts-travel,https://nts-travel.jp/,,,,0,目立った技術的な古さは検出されず(デザイン面は目視確認推奨)
lifenavi2013,https://lifenavi2013.com/,,,,0,目立った技術的な古さは検出されず(デザイン面は目視確認推奨)
hoken-cs,https://hoken-cs.jp/,,,,0,目立った技術的な古さは検出されず(デザイン面は目視確認推奨)
gouda-paint,https://www.gouda-paint.com/,,,,0,"最終更新(サーバー応答): Mon, 23 Sep 2019 10:24:00 GMT"
yoshipen,https://yoshipen.biz/contact/,,,,0,目立った技術的な古さは検出されず(デザイン面は目視確認推奨)
