name,url,industry,contact_form_url,notes
kayougiken,https://kayougiken.co.jp/,精密金属プレス加工業,,株式会社賀陽技研
tsunesada,https://tsunesada.co.jp/,金属精密加工業,,有限会社常定工作所
kyowa-casting,https://www.kyowa-casting.co.jp/,アルミ鋳造業,,株式会社共和鋳造所
minoruseisakusho,https://minoruseisakusho.co.jp/,機械加工・溶接業,,株式会社みのる製作所
okatetsu-works,https://www.okatetsu-works.com/,製缶・板金・溶接業,,有限会社岡鉄工所
mori-ko,https://mori-ko.jp/,製缶・精密板金業,,森本工業有限会社
nakamoto88,https://www.nakamoto88.co.jp/,精密部品加工業,,株式会社ナカモト
niki-ironworks,https://www.niki-ironworks.co.jp/,鉄骨加工・製缶業,,仁木鉄工株式会社
okayama-neji,https://www.okayama-neji.co.jp/,精密切削加工業,,株式会社岡山ネジ
koyo-eng,https://koyo-eng.jp/,製缶・溶接・据付工事業,,株式会社コウヨウエンジ
okadaseiko,https://okadaseiko.jp/,NC旋盤・マシニング加工業,,岡田精工株式会社
tohshin-tec,https://tohshin-tec.com/,精密機械加工業,,東進工業株式会社
okamura-kinzoku,https://www.okamura-kinzoku.com/,金属切削加工業,,有限会社岡村金属
nitto-alumi,https://www.nitto-alumi.com/,アルミ鋳造・ダイカスト業,,日東アルミ株式会社
tanaka-ss-oka,https://www.tanaka-ss-oka.co.jp/,薄板板金・レーザー加工業,,有限会社田中製作所
