time,name,company,domain,form_url,status,detail,message
2026-09-24T13:27:00,TeeenSテスト,TeeenSテスト,teeen-s.com,https://teeen-s.com/contact/,blocked,テスト送信(Web3Formsが自動操作を拒否),"【自動送信テスト】
これは営業フォーム自動送信ツールの動作テストです。

株式会社TeeenS
新田 拓夢"
2026-09-24T13:55:04,STUDIOテスト,STUDIOテスト,71tratistest.studio.site,https://71tratistest.studio.site/contact,sent,テスト送信(着信確認済み),"【自動送信テスト】
これは営業フォーム自動送信ツールの動作テストです。

株式会社TeeenS
新田 拓夢"
2026-09-24T16:16:51,narakikenzai,楢木建材有限会社,narakikenzai.co.jp,http://www.narakikenzai.co.jp/inquiry.html,sent,,"楢木建材有限会社 ご担当者様

突然のご連絡、大変失礼いたします。岡山市でホームページ制作をしております、株式会社TeeenSの新田と申します。17歳で起業し、地元・岡山の中小企業様のWeb集客をご支援してまいりました。

御社サイトを拝見し、解体工事から重機輸送・産業廃棄物収集運搬まで幅広く手がけていらっしゃることを知り、ご連絡させていただいた次第です。

サイトを確認したところ、2点ほど気になる点がございました。

ひとつ目は、現在のサイトをブラウザで開くと「保護されていない通信」という警告が表示される状態にある点です。初めて御社を検索された方が、その表示を見て不安を感じ、問い合わせを躊躇してしまうケースがあります。

ふたつ目は、スマートフォンで閲覧すると文字が非常に小さく表示され、電話番号やお問い合わせ先が探しにくい状態です。現在はスマホからの検索が大半を占めるため、せっかくの集客機会を逃している可能性があります。

もしよろしければ、改善点を無料でまとめてお送りすることもできます。まずは情報提供として受け取っていただければ幸いです。どうぞよろしくお願いいたします。

株式会社TeeenS
代表取締役 新田 拓夢
https://teeen-s.com"
2026-09-24T16:18:36,kennosho,有限会社 岡山県農商,kennosho.com,http://kennosho.com/contact/contact_register.html,sent,,"有限会社 岡山県農商 ご担当者様

突然のご連絡、大変失礼いたします。岡山市でホームページ制作をしている株式会社TeeenSの新田と申します。17歳で創業し、地元岡山の企業様のWeb改善に取り組んでまいりました。

御社のサイトを拝見し、平成元年から岡山市北区を拠点に農産物の生産・加工・販売を手がけ、自社ブランドで高い評価を得ていらっしゃることを知りました。長年地域に根ざして事業を築かれてきた姿勢に、敬意を感じております。

その上で、現在のサイトについて2点ほど気になる点がございました。

一点目は、サイトを開いた際にブラウザのアドレスバーに「保護されていない通信」と警告が表示される状態になっていることです。初めて御社を知った方が不安を感じ、そのまま離れてしまうケースがございます。

二点目は、Googleなどの検索結果に表示される御社の紹介文が設定されていない状態です。検索した方にどのような農産物を扱っているかが伝わりにくく、新規のお客様との接点を逃している可能性がございます。

もしご関心があれば、改善点を簡単にまとめて無料でお送りすることもできますので、お気軽にご連絡いただければ幸いです。

株式会社TeeenS
代表取締役 新田 拓夢
https://teeen-s.com"
